name,url
VAPE IT STORE II,https://jportal.mdcourts.gov/license/pbLicenseDetail.jsp?owi=bmDExzf4ZDw%3D
VAPE IT STORE I,https://jportal.mdcourts.gov/license/pbLicenseDetail.jsp?owi=glqAu7o7gJE%3D
VAPEPAD THE,https://jportal.mdcourts.gov/license/pbLicenseDetail.jsp?owi=zjsVR%2F6x1p8%3D
VAPE FROG,There is not a url.
VAPE FROG,There is not a url.
VAPE LOFT THE,https://jportal.mdcourts.gov/license/pbLicenseDetail.jsp?owi=%2BlPU%2F8mjjj8%3D
VAPE N CIGAR,https://jportal.mdcourts.gov/license/pbLicenseDetail.jsp?owi=rGdKgh3sllo%3D
VAPE DOJO,https://jportal.mdcourts.gov/license/pbLicenseDetail.jsp?owi=2NDDt0T4zOs%3D
VAPE HAVEN,There is not a url.
VAPORS LOUNGE,There is not a url.
VAPORFI SOUTHSIDE,https://jportal.mdcourts.gov/license/pbLicenseDetail.jsp?owi=pCof3aaX%2FUE%3D
VAPE DO JO,https://jportal.mdcourts.gov/license/pbLicenseDetail.jsp?owi=bw3%2B0tFjXPs%3D
VAPERTETMD,There is not a url.
VAPERTEKMD,https://jportal.mdcourts.gov/license/pbLicenseDetail.jsp?owi=%2F9s1kI8bGz4%3D
VAPORIOT,There is not a url.
VAPE PLUS,https://jportal.mdcourts.gov/license/pbLicenseDetail.jsp?owi=x8Vd4xxywj0%3D
VAPE SOCIAL,https://jportal.mdcourts.gov/license/pbLicenseDetail.jsp?owi=%2FODDnghKIhA%3D
VAPE JUNGLE,https://jportal.mdcourts.gov/license/pbLicenseDetail.jsp?owi=mpgmehKTqqM%3D
VAPE TIME,There is not a url.
VAPEBAR EXPESS,There is not a url.
VAPEWERKS,https://jportal.mdcourts.gov/license/pbLicenseDetail.jsp?owi=4pxdegkiD9c%3D
VAPIST MD,https://jportal.mdcourts.gov/license/pbLicenseDetail.jsp?owi=kk9O5GBXwK8%3D
VAPOR 99,There is not a url.
VAPOR ALLEY,https://jportal.mdcourts.gov/license/pbLicenseDetail.jsp?owi=KY%2Bl6bI4Upc%3D
VAPOR EMPORIUM,https://jportal.mdcourts.gov/license/pbLicenseDetail.jsp?owi=Dd4fWHd8Ugw%3D
VAPOR VILLA,https://jportal.mdcourts.gov/license/pbLicenseDetail.jsp?owi=yxSN89SvtSc%3D
VAPOR VILLA,https://jportal.mdcourts.gov/license/pbLicenseDetail.jsp?owi=r9K0HsjeGRw%3D
VAPORS LOUNGE,https://jportal.mdcourts.gov/license/pbLicenseDetail.jsp?owi=42AylWf%2BWfw%3D
VAPE DOJO,https://jportal.mdcourts.gov/license/pbLicenseDetail.jsp?owi=DBPF%2BWdXTbU%3D
VAPE DOJO,https://jportal.mdcourts.gov/license/pbLicenseDetail.jsp?owi=0T6cxGK0K7s%3D
VAPE DOJO,https://jportal.mdcourts.gov/license/pbLicenseDetail.jsp?owi=4elqKZcsWPg%3D
VAPE DOJO,https://jportal.mdcourts.gov/license/pbLicenseDetail.jsp?owi=%2FZw0DsqbR5Y%3D
VAPEZ YARDHOUSE,There is not a url.
VAPERS RING,https://jportal.mdcourts.gov/license/pbLicenseDetail.jsp?owi=0vA2xgF7VjM%3D
